CASEID,ABANY,ABFIRM,ABIMP,ABINFO
"1982 1  ",2,3,4,4
"1982 2  ",2,3,2,4
"1982 3  ",1,4,2,1
"1982 4  ",1,4,1,3
"1982 5  ",2,8,8,8
"1982 6  ",1,4,2,2
"1982 7  ",1,4,3,2
"1982 8  ",2,4,3,3
"1982 9  ",2,4,4,1
"1982 10 ",1,4,3,1
"1982 11 ",1,4,2,1
"1982 12 ",2,4,2,1
"1982 13 ",2,3,2,3
"1982 14 ",1,4,3,2
"1982 15 ",2,4,3,2
"1982 16 ",2,4,3,2
"1982 17 ",1,4,4,1
"1982 18 ",1,4,2,1
"1982 19 ",1,4,4,1
"1982 20 ",9,9,9,9
"1982 21 ",2,3,2,2
"1982 22 ",2,4,2,4
"1982 23 ",2,4,2,3
"1982 24 ",1,4,3,2
"1982 25 ",2,4,4,2
"1982 26 ",8,2,4,4
"1982 27 ",1,4,1,1
"1982 28 ",2,4,2,1
"1982 29 ",2,3,2,2
"1982 30 ",2,2,3,4
"1982 31 ",2,3,2,3
"1982 32 ",2,2,3,3
"1982 33 ",1,3,2,3
"1982 34 ",2,4,2,2
"1982 35 ",2,4,3,3
"1982 36 ",2,2,3,3
"1982 37 ",2,4,3,4
"1982 38 ",1,4,2,3
"1982 39 ",2,4,4,4
"1982 40 ",2,4,1,1
"1982 41 ",1,4,3,3
"1982 42 ",2,4,2,2
"1982 43 ",8,3,4,4
"1982 44 ",2,2,4,4
"1982 45 ",1,4,2,1
"1982 46 ",1,4,2,1
"1982 47 ",2,4,2,2
"1982 48 ",1,3,2,1
"1982 49 ",2,3,8,8
"1982 50 ",1,4,2,3
"1982 51 ",1,4,2,2
"1982 52 ",1,4,2,3
"1982 53 ",2,2,3,2
"1982 54 ",1,2,3,4
"1982 55 ",2,4,8,4
"1982 56 ",1,4,2,3
"1982 57 ",2,1,9,4
"1982 58 ",1,9,4,4
"1982 59 ",1,4,3,1
"1982 60 ",1,4,2,3
"1982 61 ",1,3,3,3
"1982 62 ",1,4,2,2
"1982 63 ",1,3,3,4
"1982 64 ",1,4,2,2
"1982 65 ",2,4,1,3
"1982 66 ",1,4,1,2
"1982 67 ",1,4,1,3
"1982 68 ",2,4,1,1
"1982 69 ",1,4,3,3
"1982 70 ",1,4,2,3
"1982 71 ",2,3,2,2
"1982 72 ",2,2,4,3
"1982 73 ",1,4,1,2
"1982 74 ",1,2,2,4
"1982 75 ",1,4,3,1
"1982 76 ",2,4,3,2
"1982 77 ",1,4,2,2
"1982 78 ",1,4,2,3
"1982 79 ",1,4,2,1
"1982 80 ",1,3,4,1
"1982 81 ",1,4,4,3
"1982 82 ",1,4,1,1
"1982 83 ",2,4,2,4
"1982 84 ",1,4,2,1
"1982 85 ",1,3,3,2
"1982 86 ",2,4,2,4
"1982 87 ",1,4,3,2
"1982 88 ",1,3,3,1
"1982 89 ",1,9,3,1
"1982 90 ",1,3,3,1
"1982 91 ",1,1,3,3
"1982 92 ",1,4,1,2
"1982 93 ",1,2,1,4
"1982 94 ",2,4,3,3
"1982 95 ",1,4,3,1
"1982 96 ",1,4,3,4
"1982 97 ",2,4,2,4
"1982 98 ",2,2,3,3
"1982 99 ",1,3,4,3
"1982 100",2,3,3,3
"1982 101",2,4,4,3
"1982 102",2,4,2,3
"1982 103",2,4,3,3
"1982 104",1,2,3,3
"1982 105",1,3,2,3
"1982 106",2,3,1,3
"1982 107",2,3,4,4
"1982 108",1,4,3,3
"1982 109",2,3,3,4
"1982 110",2,4,4,3
"1982 111",1,2,2,1
"1982 112",1,4,2,3
"1982 113",2,3,2,2
"1982 114",2,4,2,1
"1982 115",1,3,2,3
"1982 116",2,3,2,3
"1982 117",2,4,2,2
"1982 118",1,4,4,4
"1982 119",1,3,3,2
"1982 120",1,4,1,1
"1982 121",1,4,2,1
"1982 122",1,4,4,1
"1982 123",1,4,2,1
"1982 124",1,4,2,1
"1982 125",2,3,3,3
"1982 126",1,4,2,3
"1982 127",2,2,2,3
"1982 128",1,4,2,3
"1982 129",1,4,2,3
"1982 130",1,3,3,4
"1982 131",2,3,2,3
"1982 132",2,4,2,1
"1982 133",1,3,2,3
"1982 134",1,3,3,3
"1982 135",1,4,2,1
"1982 136",1,4,2,3
"1982 137",2,3,2,3
"1982 138",1,4,2,2
"1982 139",1,4,4,1
"1982 140",2,4,9,4
"1982 141",1,4,3,3
"1982 142",1,3,2,3
"1982 143",2,2,2,2
"1982 144",1,3,2,3
"1982 145",2,4,2,3
"1982 146",1,4,4,3
"1982 147",2,3,3,1
"1982 148",2,4,3,3
"1982 149",1,3,2,3
"1982 150",2,3,3,3
"1982 151",1,4,2,3
"1982 152",2,3,2,3
"1982 153",2,1,3,2
"1982 154",2,3,4,4
"1982 155",2,4,1,3
"1982 156",8,4,2,2
"1982 157",2,2,1,3
"1982 158",1,4,2,3
"1982 159",2,4,3,3
"1982 160",2,3,4,3
"1982 161",2,4,1,4
"1982 162",1,4,2,3
"1982 163",2,3,3,2
"1982 164",1,4,4,1
"1982 165",2,4,1,1
"1982 166",1,3,2,3
"1982 167",2,3,2,1
"1982 168",2,4,4,3
"1982 169",2,4,3,4
"1982 170",1,4,3,1
"1982 171",2,8,4,8
"1982 172",2,2,2,3
"1982 173",2,4,2,1
"1982 174",1,3,4,3
"1982 175",2,4,1,4
"1982 176",2,4,3,4
"1982 177",1,4,1,2
"1982 178",2,4,1,2
"1982 179",2,4,2,2
"1982 180",2,4,2,3
"1982 181",1,4,3,1
"1982 182",2,4,2,3
"1982 183",2,3,3,3
"1982 184",2,4,1,1
"1982 185",2,4,3,2
"1982 186",2,3,2,2
"1982 187",2,4,1,1
"1982 188",2,8,3,3
"1982 189",1,4,4,1
"1982 190",1,8,3,3
"1982 191",1,2,3,4
"1982 192",2,2,2,4
"1982 193",2,4,2,3
"1982 194",2,4,2,3
"1982 195",2,4,2,1
"1982 196",1,4,2,2
"1982 197",1,2,3,4
"1982 198",8,3,3,2
"1982 199",2,4,1,1
"1982 200",2,4,1,2
"1982 201",1,4,2,3
"1982 202",2,4,1,2
"1982 203",2,4,4,3
"1982 204",1,4,2,2
"1982 205",8,2,4,4
"1982 206",8,8,4,8
"1982 207",1,4,3,1
"1982 208",1,3,3,3
"1982 209",2,3,2,2
"1982 210",1,4,2,2
"1982 211",1,4,3,2
"1982 212",2,4,2,3
"1982 213",1,4,2,2
"1982 214",1,2,4,4
"1982 215",1,2,3,2
"1982 216",1,4,4,4
"1982 217",1,4,2,3
"1982 218",2,3,4,1
"1982 219",1,4,2,2
"1982 220",1,3,3,3
"1982 221",2,4,4,1
"1982 222",2,9,9,9
"1982 223",2,2,2,1
"1982 224",2,4,1,3
"1982 225",2,3,3,4
"1982 226",2,3,3,1
"1982 227",2,3,2,3
"1982 228",2,4,2,1
"1982 229",1,4,4,4
"1982 230",2,4,2,3
"1982 231",2,4,2,3
"1982 232",2,4,4,4
"1982 233",2,4,2,2
"1982 234",1,4,2,4
"1982 235",2,4,1,2
"1982 236",2,2,1,1
"1982 237",2,4,3,4
"1982 238",1,3,2,2
"1982 239",2,4,4,1
"1982 240",1,3,3,3
"1982 241",1,4,4,3
"1982 242",1,3,2,3
"1982 243",2,2,3,3
"1982 244",2,4,1,1
"1982 245",1,3,3,2
"1982 246",1,4,2,1
"1982 247",1,2,3,2
"1982 248",2,4,2,3
"1982 249",2,2,4,4
"1982 250",2,4,2,3
"1982 251",1,4,3,1
"1982 252",8,3,3,2
"1982 253",2,2,4,4
"1982 254",2,4,2,2
"1982 255",2,3,2,4
"1982 256",1,4,2,2
"1982 257",1,4,2,3
"1982 258",2,9,9,9
"1982 259",1,4,3,2
"1982 260",1,3,2,2
"1982 261",2,4,2,4
"1982 262",2,4,1,3
"1982 263",1,4,3,3
"1982 264",1,3,2,3
"1982 265",1,4,2,3
"1982 266",1,4,2,3
"1982 267",2,3,3,1
"1982 268",2,4,3,4
"1982 269",2,4,3,4
"1982 270",1,4,3,3
"1982 271",1,3,2,2
"1982 272",1,4,2,4
"1982 273",2,4,4,1
"1982 274",1,4,3,1
"1982 275",2,4,3,1
"1982 276",1,4,3,1
"1982 277",1,2,3,3
"1982 278",2,4,2,3
"1982 279",2,4,2,1
"1982 280",1,4,2,1
"1982 281",1,4,1,1
"1982 282",2,4,1,1
"1982 283",2,4,3,4
"1982 284",1,4,2,1
"1982 285",8,4,3,1
"1982 286",2,3,2,1
"1982 287",1,3,3,2
"1982 288",1,4,1,1
"1982 289",1,4,1,2
"1982 290",2,3,3,2
"1982 291",1,4,3,1
"1982 292",2,4,2,4
"1982 293",2,4,2,1
"1982 294",2,3,3,3
"1982 295",2,3,2,3
"1982 296",2,3,3,3
"1982 297",1,2,3,3
"1982 298",1,4,4,4
"1982 299",2,4,1,2
"1982 300",2,4,2,2
"1982 301",2,4,2,3
"1982 302",2,3,3,3
"1982 303",2,4,1,1
"1982 304",1,3,2,3
"1982 305",1,4,2,2
"1982 306",2,4,2,3
"1982 307",2,4,2,1
"1982 308",8,8,4,4
"1982 309",2,4,3,4
"1982 310",2,4,3,4
"1982 311",2,4,4,4
"1982 312",2,4,2,3
"1982 313",2,4,2,1
"1982 314",2,4,3,1
"1982 315",2,4,2,4
"1982 316",1,3,4,1
"1982 317",2,2,1,2
"1982 318",2,3,3,2
"1982 319",2,4,2,3
"1982 320",2,3,2,4
"1982 321",1,4,2,1
"1982 322",1,4,1,1
"1982 323",8,3,2,2
"1982 324",2,4,1,2
"1982 325",2,4,2,4
"1982 326",2,4,2,3
"1982 327",2,2,2,4
"1982 328",2,4,2,2
"1982 329",2,4,4,1
"1982 330",2,4,1,1
"1982 331",2,3,3,3
"1982 332",1,4,2,4
"1982 333",2,4,1,3
"1982 334",2,3,2,3
"1982 335",2,4,2,3
"1982 336",1,2,2,3
"1982 337",2,3,2,3
"1982 338",2,2,3,4
"1982 339",2,4,2,1
"1982 340",2,3,2,2
"1982 341",1,4,2,3
"1982 342",2,4,1,2
"1982 343",2,3,2,3
"1982 344",2,4,3,4
"1982 345",2,3,4,3
"1982 346",1,4,3,4
"1982 347",2,2,3,4
"1982 348",2,2,2,2
"1982 349",1,4,3,1
"1982 350",2,4,4,1
"1982 351",2,3,2,4
"1982 352",2,4,3,4
"1982 353",1,3,1,2
"1982 354",2,2,2,4
"1982 355",1,4,3,2
"1982 356",1,4,2,1
"1982 357",1,4,2,4
"1982 358",2,3,3,3
"1982 359",2,8,3,3
"1982 360",2,4,2,4
"1982 361",2,4,3,3
"1982 362",2,3,2,3
"1982 363",2,4,4,4
"1982 364",2,4,3,4
"1982 365",2,4,2,1
"1982 366",2,4,2,4
"1982 367",1,4,3,4
"1982 368",2,3,2,2
"1982 369",2,4,2,3
"1982 370",2,4,2,3
"1982 371",1,3,1,4
"1982 372",1,4,2,2
"1982 373",1,4,3,1
"1982 374",1,2,2,3
"1982 375",1,4,2,1
"1982 376",1,4,1,1
"1982 377",1,4,2,2
"1982 378",8,4,3,3
"1982 379",2,4,4,4
"1982 380",2,4,2,2
"1982 381",1,4,2,1
"1982 382",2,4,3,4
"1982 383",2,4,2,3
"1982 384",8,3,2,3
"1982 385",2,4,1,3
"1982 386",2,3,3,4
"1982 387",2,4,4,2
"1982 388",1,2,8,4
"1982 389",2,4,4,1
"1982 390",2,4,4,4
"1982 391",2,4,4,4
"1982 392",2,2,3,4
"1982 393",2,4,3,4
"1982 394",2,4,3,3
"1982 395",2,4,2,3
"1982 396",1,4,2,1
"1982 397",1,1,1,4
"1982 398",2,4,3,3
"1982 399",1,3,3,4
"1982 400",1,3,3,4
"1982 401",1,2,3,4
"1982 402",2,3,3,4
"1982 403",2,2,3,4
"1982 404",2,1,2,4
"1982 405",8,2,3,3
"1982 406",2,4,3,4
"1982 407",2,4,3,1
"1982 408",1,3,4,3
"1982 409",1,4,1,1
"1982 410",1,4,3,4
"1982 411",2,4,2,2
"1982 412",2,4,2,3
"1982 413",1,4,2,3
"1982 414",1,2,4,4
"1982 415",1,8,4,4
"1982 416",2,4,4,4
"1982 417",1,4,1,2
"1982 418",2,4,2,2
"1982 419",2,4,2,1
"1982 420",1,4,4,4
"1982 421",1,4,2,3
"1982 422",2,4,2,2
"1982 423",1,3,3,2
"1982 424",2,3,2,3
"1982 425",1,4,4,4
"1982 426",2,4,1,1
"1982 427",1,3,3,4
"1982 428",1,4,2,4
"1982 429",1,4,2,3
"1982 430",1,3,3,1
"1982 431",2,4,1,1
"1982 432",1,4,2,1
"1982 433",1,4,4,2
"1982 434",2,2,2,3
"1982 435",1,3,1,2
"1982 436",2,2,3,4
"1982 437",2,2,3,3
"1982 438",1,4,4,3
"1982 439",2,4,1,3
"1982 440",2,4,2,1
"1982 441",2,4,2,2
"1982 442",1,4,2,3
"1982 443",8,4,2,3
"1982 444",2,4,1,2
"1982 445",2,1,1,1
"1982 446",1,4,3,2
"1982 447",8,4,2,2
"1982 448",1,3,3,2
"1982 449",1,4,1,1
"1982 450",1,4,2,2
"1982 451",2,4,2,2
"1982 452",2,4,3,4
"1982 453",1,4,2,3
"1982 454",1,3,3,3
"1982 455",2,3,3,3
"1982 456",2,4,2,2
"1982 457",2,2,1,2
"1982 458",1,4,4,1
"1982 459",1,2,2,3
"1982 460",2,4,2,2
"1982 461",2,4,2,1
"1982 462",2,2,2,2
"1982 463",1,4,2,1
"1982 464",2,3,3,2
"1982 465",1,3,3,2
"1982 466",2,3,2,1
"1982 467",1,4,4,2
"1982 468",2,1,4,1
"1982 469",2,4,1,1
"1982 470",2,4,2,2
"1982 471",2,4,2,2
"1982 472",1,4,2,2
"1982 473",2,4,3,1
"1982 474",1,3,4,2
"1982 475",1,3,3,1
"1982 476",2,3,3,2
"1982 477",2,3,2,2
"1982 478",2,4,3,2
"1982 479",2,2,3,4
"1982 480",2,4,2,3
"1982 481",9,9,9,9
"1982 482",1,3,2,3
"1982 483",1,2,2,3
"1982 484",2,4,4,4
"1982 485",2,2,2,3
"1982 486",1,4,1,1
"1982 487",2,4,4,4
"1982 488",2,2,2,3
"1982 489",2,4,2,3
"1982 490",1,3,3,3
"1982 491",2,4,4,4
"1982 492",2,4,1,1
"1982 493",2,4,3,1
"1982 494",2,4,3,4
"1982 495",1,4,4,1
"1982 496",2,4,2,3
"1982 497",2,4,2,3
"1982 498",2,3,2,4
"1982 499",2,4,2,3
"1982 500",1,4,2,3
"1982 501",2,4,3,1
"1982 502",2,2,2,4
"1982 503",2,2,2,2
"1982 504",1,4,1,4
"1982 505",1,3,3,3
"1982 506",2,4,2,2
"1982 507",2,4,2,1
"1982 508",2,4,4,3
"1982 509",8,3,3,4
"1982 510",1,3,3,3
"1982 511",2,4,3,1
"1982 512",1,4,3,3
"1982 513",1,2,3,4
"1982 514",1,4,2,3
"1982 515",1,4,2,2
"1982 516",2,4,1,3
"1982 517",2,4,3,1
"1982 518",1,4,4,3
"1982 519",2,2,2,4
"1982 520",1,3,3,4
"1982 521",1,4,3,1
"1982 522",2,3,2,3
"1982 523",1,4,2,2
"1982 524",2,4,1,1
"1982 525",1,4,3,3
"1982 526",2,4,2,1
"1982 527",1,1,2,3
"1982 528",2,4,4,1
"1982 529",2,3,2,2
"1982 530",2,4,2,2
"1982 531",2,2,2,4
"1982 532",2,1,3,3
"1982 533",2,4,2,3
"1982 534",2,3,3,3
"1982 535",2,8,4,4
"1982 536",2,3,2,3
"1982 537",2,4,3,3
"1982 538",1,3,2,2
"1982 539",8,4,2,2
"1982 540",1,4,2,2
"1982 541",1,4,2,2
"1982 542",2,3,3,4
"1982 543",2,4,2,3
"1982 544",2,4,3,3
"1982 545",8,2,3,2
"1982 546",2,4,2,3
"1982 547",1,2,3,3
"1982 548",2,4,2,1
"1982 549",1,2,3,4
"1982 550",2,4,1,3
"1982 551",2,4,2,3
"1982 552",2,1,3,4
"1982 553",2,1,2,2
"1982 554",2,1,2,2
"1982 555",2,4,3,3
"1982 556",1,2,3,4
"1982 557",2,4,2,4
"1982 558",1,4,4,4
"1982 559",2,4,4,3
"1982 560",2,2,3,3
"1982 561",2,4,2,3
"1982 562",2,1,4,3
"1982 563",2,3,3,3
"1982 564",2,3,3,3
"1982 565",2,3,2,3
"1982 566",2,3,3,4
"1982 567",2,4,3,4
"1982 568",1,3,4,3
"1982 569",2,8,4,4
"1982 570",2,3,3,3
"1982 571",2,4,2,1
"1982 572",2,3,3,4
"1982 573",2,3,3,4
"1982 574",2,4,2,1
"1982 575",2,4,2,3
"1982 576",1,4,3,3
"1982 577",2,3,3,3
"1982 578",1,3,4,4
"1982 579",2,4,1,2
"1982 580",2,2,3,3
"1982 581",2,3,2,3
"1982 582",2,3,3,4
"1982 583",2,4,2,2
"1982 584",1,3,2,4
"1982 585",2,4,3,3
"1982 586",2,4,2,2
"1982 587",1,3,2,2
"1982 588",2,4,2,3
"1982 589",1,4,2,1
"1982 590",1,4,1,1
"1982 591",2,4,1,1
"1982 592",2,4,2,3
"1982 593",2,4,1,2
"1982 594",2,2,2,4
"1982 595",2,4,3,4
"1982 596",1,4,1,3
"1982 597",1,4,4,1
"1982 598",1,4,2,1
"1982 599",1,3,2,3
"1982 600",2,4,2,2
"1982 601",1,4,3,4
"1982 602",2,4,4,1
"1982 603",2,4,2,1
"1982 604",8,9,8,4
"1982 605",1,4,2,4
"1982 606",2,3,2,3
"1982 607",2,3,3,4
"1982 608",2,4,2,3
"1982 609",2,3,3,4
"1982 610",2,4,3,4
"1982 611",2,4,4,1
"1982 612",2,4,2,1
"1982 613",2,4,4,2
"1982 614",2,4,1,1
"1982 615",2,4,1,2
"1982 616",2,3,3,3
"1982 617",1,4,2,1
"1982 618",1,4,3,3
"1982 619",1,4,1,1
"1982 620",8,1,2,4
"1982 621",2,4,2,1
"1982 622",2,4,1,1
"1982 623",2,4,3,4
"1982 624",1,4,2,2
"1982 625",2,3,3,3
"1982 626",2,3,3,3
"1982 627",2,2,2,3
"1982 628",1,4,1,1
"1982 629",1,2,3,3
"1982 630",2,4,1,4
"1982 631",2,2,2,4
"1982 632",2,3,3,3
"1982 633",2,3,2,2
"1982 634",2,4,2,2
"1982 635",1,4,2,2
"1982 636",1,3,2,3
"1982 637",2,4,3,1
"1982 638",2,4,4,1
"1982 639",1,4,4,4
"1982 640",2,4,4,1
"1982 641",2,3,2,3
"1982 642",1,3,2,2
"1982 643",2,3,2,2
"1982 644",1,4,2,2
"1982 645",1,2,4,3
"1982 646",2,4,2,1
"1982 647",1,2,4,4
"1982 648",2,4,3,1
"1982 649",2,4,3,3
"1982 650",8,4,2,2
"1982 651",2,4,2,2
"1982 652",2,2,4,3
"1982 653",2,4,2,2
"1982 654",2,3,3,3
"1982 655",2,4,2,1
"1982 656",2,2,3,3
"1982 657",1,4,3,3
"1982 658",2,4,2,4
"1982 659",2,4,3,4
"1982 660",1,4,2,4
"1982 661",2,4,2,1
"1982 662",2,4,3,3
"1982 663",2,3,3,3
"1982 664",2,4,2,4
"1982 665",2,4,3,2
"1982 666",1,3,1,1
"1982 667",1,4,2,2
"1982 668",2,4,2,3
"1982 669",2,4,3,4
"1982 670",1,2,4,3
"1982 671",2,4,3,4
"1982 672",2,4,2,3
"1982 673",1,2,3,3
"1982 674",1,4,2,1
"1982 675",2,4,3,4
"1982 676",2,4,4,4
"1982 677",2,4,8,4
"1982 678",2,4,2,1
"1982 679",2,4,1,1
"1982 680",2,4,3,4
"1982 681",2,4,1,4
"1982 682",2,2,3,3
"1982 683",2,4,1,2
"1982 684",2,4,2,4
"1982 685",2,4,3,4
"1982 686",2,4,2,4
"1982 687",2,4,2,4
"1982 688",2,4,3,4
"1982 689",2,8,2,3
"1982 690",8,4,3,3
"1982 691",2,4,2,3
"1982 692",2,4,3,3
"1982 693",2,4,2,2
"1982 694",2,4,3,4
"1982 695",8,8,4,4
"1982 696",2,3,2,3
"1982 697",1,3,3,4
"1982 698",1,2,3,4
"1982 699",2,3,3,2
"1982 700",2,4,4,3
"1982 701",2,3,2,2
"1982 702",2,2,2,4
"1982 703",1,3,2,3
"1982 704",2,4,1,2
"1982 705",2,4,2,2
"1982 706",2,4,4,4
"1982 707",1,4,3,4
"1982 708",2,4,2,3
"1982 709",2,4,2,3
"1982 710",2,3,3,3
"1982 711",2,4,3,4
"1982 712",2,4,3,4
"1982 713",2,4,2,4
"1982 714",2,4,3,3
"1982 715",2,3,3,4
"1982 716",2,3,2,3
"1982 717",2,4,2,4
"1982 718",2,4,2,4
"1982 719",1,4,2,4
"1982 720",2,4,4,4
"1982 721",2,4,2,4
"1982 722",2,4,2,1
"1982 723",2,8,4,4
"1982 724",2,2,2,3
"1982 725",2,3,2,3
"1982 726",1,1,3,4
"1982 727",2,4,2,3
"1982 728",2,8,3,4
"1982 729",2,4,3,3
"1982 730",2,4,3,4
"1982 731",2,1,4,4
"1982 732",2,3,3,3
"1982 733",1,1,3,3
"1982 734",2,4,1,1
"1982 735",2,3,2,4
"1982 736",2,4,2,4
"1982 737",1,2,2,2
"1982 738",2,4,2,3
"1982 739",1,4,3,3
"1982 740",1,4,2,3
"1982 741",1,4,1,1
"1982 742",1,4,2,1
"1982 743",1,3,2,2
"1982 744",1,4,1,2
"1982 745",1,3,3,4
"1982 746",2,4,3,1
"1982 747",2,4,2,2
"1982 748",2,4,3,3
"1982 749",1,3,2,3
"1982 750",1,4,3,2
"1982 751",1,3,3,3
"1982 752",1,4,3,3
"1982 753",1,4,2,2
"1982 754",1,4,2,2
"1982 755",1,4,1,3
"1982 756",8,4,4,4
"1982 757",1,4,4,4
"1982 758",2,1,3,3
"1982 759",1,4,1,4
"1982 760",2,4,1,1
"1982 761",1,4,1,1
"1982 762",1,4,3,1
"1982 763",1,4,1,1
"1982 764",1,4,3,1
"1982 765",2,2,4,4
"1982 766",8,8,8,8
"1982 767",1,2,2,3
"1982 768",2,4,2,1
"1982 769",1,2,2,4
"1982 770",1,4,4,1
"1982 771",2,3,2,1
"1982 772",1,3,3,4
"1982 773",1,4,1,2
"1982 774",2,4,3,4
"1982 775",2,4,1,3
"1982 776",2,4,1,1
"1982 777",1,2,4,3
"1982 778",1,4,2,1
"1982 779",8,8,4,3
"1982 780",2,4,2,1
"1982 781",1,4,3,2
"1982 782",2,4,3,4
"1982 783",2,2,1,2
"1982 784",1,8,4,4
"1982 785",1,4,2,1
"1982 786",1,4,2,2
"1982 787",1,4,3,1
"1982 788",9,8,4,4
"1982 789",1,3,3,4
"1982 790",1,3,3,3
"1982 791",2,4,3,3
"1982 792",1,4,1,2
"1982 793",2,3,3,4
"1982 794",1,4,4,3
"1982 795",1,3,3,1
"1982 796",1,3,2,2
"1982 797",1,4,2,4
"1982 798",2,4,1,2
"1982 799",1,3,2,2
"1982 800",1,8,2,8
"1982 801",2,2,4,3
"1982 802",1,4,2,2
"1982 803",2,4,4,2
"1982 804",2,4,2,4
"1982 805",2,4,2,2
"1982 806",8,2,2,3
"1982 807",1,3,8,4
"1982 808",2,4,3,1
"1982 809",2,4,3,3
"1982 810",1,3,4,3
"1982 811",2,4,3,1
"1982 812",1,3,2,3
"1982 813",1,4,1,1
"1982 814",1,4,3,2
"1982 815",1,2,3,3
"1982 816",1,2,2,1
"1982 817",1,4,2,1
"1982 818",2,4,4,1
"1982 819",2,8,4,4
"1982 820",1,4,1,1
"1982 821",1,4,3,3
"1982 822",1,3,3,1
"1982 823",2,4,2,2
"1982 824",1,4,2,4
"1982 825",1,4,3,3
"1982 826",2,4,1,3
"1982 827",1,4,2,2
"1982 828",1,4,3,4
"1982 829",2,4,3,4
"1982 830",1,3,2,2
"1982 831",2,4,4,8
"1982 832",1,4,2,3
"1982 833",1,4,3,3
"1982 834",2,4,3,3
"1982 835",1,4,4,1
"1982 836",1,4,1,3
"1982 837",1,4,1,1
"1982 838",2,4,2,4
"1982 839",2,4,3,1
"1982 840",1,4,2,1
"1982 841",2,1,2,1
"1982 842",1,3,3,2
"1982 843",1,4,4,2
"1982 844",1,4,1,2
"1982 845",1,4,3,1
"1982 846",1,4,3,1
"1982 847",2,3,3,1
"1982 848",8,8,3,4
"1982 849",8,4,4,4
"1982 850",8,8,4,4
"1982 851",2,4,1,3
"1982 852",2,3,4,3
"1982 853",1,4,1,2
"1982 854",2,4,2,2
"1982 855",1,3,2,2
"1982 856",2,4,1,1
"1982 857",1,3,3,2
"1982 858",2,2,2,4
"1982 859",2,4,3,1
"1982 860",1,3,2,2
"1982 861",1,4,2,2
"1982 862",2,3,2,1
"1982 863",1,3,3,4
"1982 864",2,4,2,4
"1982 865",1,2,3,3
"1982 866",2,3,1,2
"1982 867",1,2,1,4
"1982 868",2,4,2,3
"1982 869",8,2,4,4
"1982 870",2,3,3,4
"1982 871",1,2,2,3
"1982 872",1,4,2,1
"1982 873",1,4,2,1
"1982 874",2,2,3,3
"1982 875",2,3,2,3
"1982 876",2,4,2,3
"1982 877",2,3,2,2
"1982 878",2,4,1,1
"1982 879",1,4,4,2
"1982 880",2,3,3,3
"1982 881",2,4,4,1
"1982 882",2,4,2,2
"1982 883",2,3,2,3
"1982 884",2,8,3,1
"1982 885",1,4,4,1
"1982 886",1,4,4,4
"1982 887",2,4,2,3
"1982 888",2,4,2,1
"1982 889",2,4,2,2
"1982 890",1,3,2,1
"1982 891",2,4,2,1
"1982 892",2,4,1,2
"1982 893",2,3,3,3
"1982 894",1,4,1,2
"1982 895",1,4,3,1
"1982 896",2,4,1,1
"1982 897",1,4,2,1
"1982 898",2,4,4,4
"1982 899",8,3,3,3
"1982 900",1,4,2,2
"1982 901",1,4,4,3
"1982 902",2,3,4,3
"1982 903",2,8,4,4
"1982 904",2,4,3,3
"1982 905",1,3,3,1
"1982 906",2,4,2,2
"1982 907",1,4,1,2
"1982 908",1,4,4,1
"1982 909",2,4,2,2
"1982 910",1,3,2,3
"1982 911",1,4,2,4
"1982 912",9,9,9,9
"1982 913",1,4,2,1
"1982 914",2,4,2,2
"1982 915",2,4,2,1
"1982 916",2,3,1,2
"1982 917",1,4,4,1
"1982 918",1,4,1,3
"1982 919",2,3,2,3
"1982 920",2,4,3,8
"1982 921",1,2,2,2
"1982 922",2,2,2,3
"1982 923",1,2,3,4
"1982 924",2,4,3,4
"1982 925",2,4,1,2
"1982 926",8,2,3,3
"1982 927",1,4,4,3
"1982 928",2,4,2,3
"1982 929",2,3,3,2
"1982 930",2,4,1,1
"1982 931",2,4,2,3
"1982 932",1,2,2,3
"1982 933",8,4,4,1
"1982 934",2,4,2,1
"1982 935",2,4,3,4
"1982 936",1,3,2,1
"1982 937",1,4,4,4
"1982 938",2,4,3,3
"1982 939",1,3,3,3
"1982 940",2,4,2,2
"1982 941",1,3,3,3
"1982 942",1,4,3,3
"1982 943",1,8,3,2
"1982 944",2,4,1,3
"1982 945",8,2,3,4
"1982 946",2,3,3,3
"1982 947",2,1,2,3
"1982 948",2,3,3,3
"1982 949",2,2,2,3
"1982 950",1,4,2,1
"1982 951",1,4,1,1
"1982 952",2,4,4,1
"1982 953",2,4,1,3
"1982 954",1,3,2,3
"1982 955",2,4,1,1
"1982 956",1,4,4,3
"1982 957",1,4,2,3
"1982 958",2,4,3,3
"1982 959",1,3,3,3
"1982 960",1,4,2,2
"1982 961",2,4,2,3
"1982 962",2,4,3,2
"1982 963",2,4,1,1
"1982 964",1,4,3,2
"1982 965",2,4,3,1
"1982 966",2,4,2,3
"1982 967",8,3,2,3
"1982 968",2,4,2,3
"1982 969",1,8,4,4
"1982 970",2,3,3,3
"1982 971",2,3,3,3
"1982 972",1,4,4,4
"1982 973",1,2,2,3
"1982 974",2,3,3,4
"1982 975",1,4,4,1
"1982 976",2,1,4,3
"1982 977",1,4,2,2
"1982 978",1,4,4,4
"1982 979",2,2,2,3
"1982 980",2,4,2,3
"1982 981",2,4,4,3
"1982 982",1,3,2,3
"1982 983",2,4,2,4
"1982 984",2,2,3,3
"1982 985",2,4,2,1
"1982 986",2,4,2,2
"1982 987",2,4,2,2
"1982 988",2,4,2,1
"1982 989",1,4,2,2
"1982 990",2,4,4,4
"1982 991",2,2,3,4
"1982 992",2,4,2,3
"1982 993",2,4,2,3
"1982 994",1,4,3,3
"1982 995",1,3,3,3
"1982 996",1,2,1,3
"1982 997",2,4,2,3
"1982 998",2,3,2,1
"1982 999",2,2,2,2
"19821000",2,4,2,1
"19821001",2,4,4,1
"19821002",2,4,4,3
"19821003",2,2,3,3
"19821004",2,4,2,2
"19821005",1,4,2,1
"19821006",2,2,2,1
"19821007",1,3,2,1
"19821008",1,4,2,2
"19821009",2,3,3,2
"19821010",2,4,3,3
"19821011",1,2,3,3
"19821012",1,3,3,4
"19821013",1,1,3,4
"19821014",2,4,1,1
"19821015",1,4,1,1
"19821016",1,4,3,1
"19821017",1,4,3,1
"19821018",2,4,3,3
"19821019",2,4,2,1
"19821020",2,4,2,1
"19821021",1,2,1,3
"19821022",2,4,3,2
"19821023",1,4,3,1
"19821024",1,3,2,2
"19821025",1,4,2,2
"19821026",1,4,2,1
"19821027",2,3,3,2
"19821028",2,3,2,3
"19821029",2,3,2,3
"19821030",2,3,2,3
"19821031",1,4,1,4
"19821032",2,4,3,1
"19821033",2,2,1,3
"19821034",1,3,2,2
"19821035",1,1,2,4
"19821036",1,4,1,2
"19821037",1,2,2,4
"19821038",1,4,2,1
"19821039",1,4,1,1
"19821040",1,4,2,3
"19821041",2,4,4,1
"19821042",1,3,2,1
"19821043",1,4,1,2
"19821044",2,3,2,4
"19821045",2,4,4,3
"19821046",1,2,2,4
"19821047",2,3,2,2
"19821048",2,4,1,1
"19821049",1,2,2,4
"19821050",2,3,2,2
"19821051",2,4,3,1
"19821052",1,2,3,4
"19821053",2,3,1,2
"19821054",2,2,2,4
"19821055",1,4,2,4
"19821056",2,3,4,4
"19821057",1,4,4,2
"19821058",1,2,3,3
"19821059",1,4,2,1
"19821060",1,4,2,3
"19821061",1,4,2,4
"19821062",2,4,1,3
"19821063",1,8,4,4
"19821064",1,3,4,3
"19821065",2,2,2,3
"19821066",2,3,3,4
"19821067",2,4,3,4
"19821068",2,4,1,3
"19821069",2,2,2,4
"19821070",2,4,4,2
"19821071",2,4,2,2
"19821072",2,2,2,2
"19821073",1,4,1,1
"19821074",1,4,3,2
"19821075",2,2,2,2
"19821076",1,4,1,1
"19821077",1,3,2,4
"19821078",2,4,4,1
"19821079",2,2,3,3
"19821080",2,4,4,4
"19821081",1,4,1,1
"19821082",2,1,4,2
"19821083",2,4,3,3
"19821084",2,4,2,3
"19821085",1,2,3,1
"19821086",2,2,2,4
"19821087",1,4,3,3
"19821088",2,4,2,3
"19821089",1,3,2,4
"19821090",1,4,2,2
"19821091",1,4,3,4
"19821092",2,4,1,1
"19821093",2,4,1,8
"19821094",2,3,3,4
"19821095",2,4,2,2
"19821096",2,3,2,3
"19821097",2,4,1,1
"19821098",2,4,3,1
"19821099",2,3,3,1
"19821100",2,4,2,4
"19821101",2,4,2,2
"19821102",1,2,3,3
"19821103",1,4,1,1
"19821104",1,4,2,2
"19821105",1,4,2,1
"19821106",1,4,2,1
"19821107",1,3,3,4
"19821108",2,3,2,2
"19821109",2,2,2,3
"19821110",1,2,2,3
"19821111",1,2,3,3
"19821112",1,4,2,1
"19821113",2,4,4,4
"19821114",1,4,4,1
"19821115",8,2,3,1
"19821116",2,3,3,3
"19821117",8,3,3,1
"19821118",2,4,3,3
"19821119",2,2,2,3
"19821120",2,4,1,1
"19821121",2,4,1,2
"19821122",1,4,1,1
"19821123",1,3,3,3
"19821124",2,4,4,1
"19821125",2,4,2,4
"19821126",1,4,3,1
"19821127",2,1,3,2
"19821128",2,4,2,2
"19821129",1,4,3,1
"19821130",1,4,1,1
"19821131",2,4,2,4
"19821132",1,3,3,1
"19821133",8,8,4,4
"19821134",1,4,2,1
"19821135",1,4,3,2
"19821136",1,4,3,1
"19821137",2,4,3,1
"19821138",2,4,4,4
"19821139",2,3,3,1
"19821140",2,4,2,2
"19821141",8,8,4,4
"19821142",2,4,2,4
"19821143",1,4,2,1
"19821144",8,4,4,3
"19821145",2,4,1,2
"19821146",2,2,2,3
"19821147",1,2,3,4
"19821148",1,3,2,3
"19821149",2,4,1,3
"19821150",2,4,1,2
"19821151",2,2,2,3
"19821152",1,2,3,3
"19821153",1,4,1,1
"19821154",2,4,3,3
"19821155",1,2,3,1
"19821156",2,4,2,1
"19821157",2,4,3,1
"19821158",2,2,3,3
"19821159",1,3,2,2
"19821160",8,4,4,3
"19821161",1,3,2,1
"19821162",2,2,3,4
"19821163",2,4,2,1
"19821164",8,3,2,2
"19821165",1,4,3,2
"19821166",1,4,3,2
"19821167",1,4,3,2
"19821168",1,4,4,3
"19821169",2,4,3,4
"19821170",1,3,3,3
"19821171",2,9,8,4
"19821172",2,4,1,1
"19821173",2,4,4,4
"19821174",1,3,3,1
"19821175",1,4,2,4
"19821176",2,3,4,3
"19821177",1,3,1,2
"19821178",1,3,3,2
"19821179",1,4,1,1
"19821180",1,4,2,1
"19821181",1,2,3,4
"19821182",1,4,2,2
"19821183",1,2,4,3
"19821184",1,3,3,3
"19821185",1,4,1,1
"19821186",1,4,2,1
"19821187",2,4,2,2
"19821188",1,4,2,1
"19821189",8,4,2,4
"19821190",1,4,2,1
"19821191",1,4,1,1
"19821192",1,2,3,1
"19821193",2,4,2,1
"19821194",1,4,2,4
"19821195",2,4,2,1
"19821196",1,4,3,2
"19821197",1,3,3,2
"19821198",1,4,1,3
"19821199",1,3,3,4
"19821200",1,3,3,1
"19821201",1,4,2,1
"19821202",1,4,2,2
"19821203",2,8,4,1
"19821204",1,3,2,3
"19821205",1,3,3,3
"19821206",2,4,2,4
"19821207",8,4,2,4
"19821208",1,4,1,2
"19821209",2,4,4,3
"19821210",1,4,4,3
"19821211",2,3,2,3
"19821212",2,4,2,2
"19821213",1,4,2,2
"19821214",2,4,2,1
"19821215",1,4,3,3
"19821216",2,4,3,2
"19821217",2,4,8,4
"19821218",2,4,2,1
"19821219",2,2,2,3
"19821220",8,8,3,3
"19821221",1,3,3,4
"19821222",1,4,3,1
"19821223",2,4,1,2
"19821224",2,1,4,1
"19821225",2,4,3,2
"19821226",1,4,3,3
"19821227",2,1,2,1
"19821228",1,4,3,1
"19821229",1,4,4,4
"19821230",1,4,2,2
"19821231",2,4,3,2
"19821232",2,4,2,1
"19821233",2,3,3,3
"19821234",2,4,2,2
"19821235",1,4,2,2
"19821236",1,4,1,1
"19821237",1,4,2,3
"19821238",1,4,2,1
"19821239",1,4,3,1
"19821240",1,3,3,2
"19821241",2,4,2,3
"19821242",1,3,3,3
"19821243",1,4,2,1
"19821244",1,4,3,2
"19821245",1,4,1,2
"19821246",1,4,2,1
"19821247",1,3,2,3
"19821248",1,4,2,3
"19821249",2,4,1,3
"19821250",2,3,3,1
"19821251",2,3,2,3
"19821252",1,4,2,2
"19821253",1,4,1,1
"19821254",2,3,3,3
"19821255",1,4,1,2
"19821256",1,4,2,3
"19821257",1,4,2,3
"19821258",2,2,3,3
"19821259",1,8,4,4
"19821260",2,4,3,4
"19821261",1,4,2,1
"19821262",1,4,3,1
"19821263",1,4,2,3
"19821264",8,8,4,4
"19821265",1,4,2,1
"19821266",2,3,2,3
"19821267",1,4,2,1
"19821268",1,4,3,3
"19821269",2,4,2,2
"19821270",1,4,2,3
"19821271",1,4,4,4
"19821272",2,2,4,4
"19821273",2,3,2,2
"19821274",1,4,2,1
"19821275",2,3,4,4
"19821276",1,4,4,4
"19821277",2,4,2,4
"19821278",1,3,3,3
"19821279",1,4,2,1
"19821280",2,4,2,3
"19821281",2,8,8,4
"19821282",9,8,2,4
"19821283",2,4,4,3
"19821284",1,4,3,2
"19821285",2,4,2,1
"19821286",1,2,3,3
"19821287",2,4,1,2
"19821288",2,3,3,4
"19821289",2,3,2,2
"19821290",2,4,4,4
"19821291",2,4,3,3
"19821292",2,4,1,3
"19821293",2,4,4,4
"19821294",2,4,2,3
"19821295",2,3,2,3
"19821296",2,1,3,4
"19821297",2,3,4,4
"19821298",2,4,2,2
"19821299",2,2,2,2
"19821300",2,4,1,1
"19821301",1,4,3,2
"19821302",2,3,2,2
"19821303",1,3,3,3
"19821304",2,3,3,3
"19821305",2,3,4,4
"19821306",2,4,1,3
"19821307",1,2,2,2
"19821308",2,4,2,2
"19821309",8,8,8,4
"19821310",2,4,1,2
"19821311",2,4,2,2
"19821312",2,2,3,4
"19821313",1,3,3,1
"19821314",2,2,2,3
"19821315",2,3,2,3
"19821316",2,4,2,4
"19821317",8,2,3,2
"19821318",2,4,3,4
"19821319",1,4,4,1
"19821320",8,2,2,4
"19821321",2,3,3,3
"19821322",8,8,2,3
"19821323",2,4,2,4
"19821324",1,4,2,3
"19821325",2,4,1,3
"19821326",2,4,2,3
"19821327",1,4,2,2
"19821328",2,4,3,4
"19821329",2,4,2,1
"19821330",2,3,3,4
"19821331",2,4,4,4
"19821332",1,1,2,3
"19821333",2,4,3,4
"19821334",2,4,1,4
"19821335",2,4,2,3
"19821336",2,3,3,3
"19821337",2,2,3,4
"19821338",2,3,3,3
"19821339",9,3,4,4
"19821340",1,2,2,2
"19821341",2,3,3,4
"19821342",1,3,2,3
"19821343",2,4,2,4
"19821344",2,4,2,4
"19821345",1,1,2,1
"19821346",2,2,1,2
"19821347",2,4,1,1
"19821348",2,2,3,3
"19821349",2,4,1,1
"19821350",2,4,1,2
"19821351",2,4,1,3
"19821352",1,4,4,2
"19821353",2,4,1,3
"19821354",2,4,2,3
"19821355",1,3,3,2
"19821356",2,4,4,4
"19821357",2,3,4,2
"19821358",1,4,4,2
"19821359",2,3,3,4
"19821360",8,8,8,8
"19821361",8,3,3,3
"19821362",2,4,2,3
"19821363",2,4,3,1
"19821364",2,4,1,1
"19821365",2,4,1,2
"19821366",2,2,2,3
"19821367",1,2,3,4
"19821368",2,2,3,3
"19821369",2,3,8,4
"19821370",2,3,2,3
"19821371",2,4,2,4
"19821372",8,8,8,4
"19821373",8,4,2,2
"19821374",2,4,2,4
"19821375",2,4,4,3
"19821376",2,1,3,2
"19821377",2,4,3,1
"19821378",2,3,2,3
"19821379",2,4,3,1
"19821380",9,3,3,4
"19821381",2,4,2,4
"19821382",2,4,2,2
"19821383",2,4,2,1
"19821384",1,4,2,3
"19821385",2,4,2,2
"19821386",2,4,1,1
"19821387",1,4,2,4
"19821388",1,2,2,3
"19821389",1,3,2,3
"19821390",2,2,2,4
"19821391",1,4,2,3
"19821392",1,4,2,2
"19821393",1,4,3,3
"19821394",2,4,4,4
"19821395",2,4,1,1
"19821396",2,4,2,1
"19821397",2,4,3,1
"19821398",2,8,8,4
"19821399",2,3,3,3
"19821400",1,2,2,3
"19821401",1,4,2,2
"19821402",8,3,3,1
"19821403",2,3,3,2
"19821404",2,4,4,1
"19821405",2,1,3,3
"19821406",2,4,2,1
"19821407",2,4,2,2
"19821408",1,3,3,1
"19821409",2,4,1,2
"19821410",2,3,3,4
"19821411",2,4,3,4
"19821412",1,4,2,2
"19821413",1,4,4,1
"19821414",2,3,3,1
"19821415",2,4,3,4
"19821416",2,4,1,3
"19821417",8,4,4,4
"19821418",2,4,1,1
"19821419",2,2,2,3
"19821420",2,4,3,1
"19821421",1,4,4,4
"19821422",2,4,2,3
"19821423",2,4,2,3
"19821424",8,2,3,3
"19821425",1,4,4,4
"19821426",2,4,1,1
"19821427",2,3,2,4
"19821428",8,3,2,3
"19821429",2,4,2,1
"19821430",2,4,3,4
"19821431",2,4,3,1
"19821432",2,3,3,2
"19821433",2,4,2,3
"19821434",1,4,2,2
"19821435",2,4,4,3
"19821436",2,4,4,3
"19821437",2,3,3,1
"19821438",1,2,3,2
"19821439",2,2,2,3
"19821440",2,4,3,4
"19821441",2,4,2,3
"19821442",2,4,1,1
"19821443",1,4,3,3
"19821444",2,4,1,2
"19821445",2,3,2,2
"19821446",1,3,3,2
"19821447",2,3,2,2
"19821448",1,3,2,1
"19821449",1,3,2,2
"19821450",8,3,2,2
"19821451",2,3,3,2
"19821452",1,4,3,2
"19821453",1,3,2,2
"19821454",2,3,2,3
"19821455",2,4,3,3
"19821456",1,2,3,3
"19821457",2,2,3,4
"19821458",2,4,2,4
"19821459",2,4,3,4
"19821460",2,4,2,3
"19821461",2,8,3,3
"19821462",2,4,2,3
"19821463",2,4,1,4
"19821464",2,4,2,2
"19821465",2,4,4,4
"19821466",8,8,4,4
"19821467",2,4,3,4
"19821468",2,4,2,4
"19821469",2,4,3,3
"19821470",1,4,2,2
"19821471",2,8,2,3
"19821472",1,4,2,1
"19821473",2,2,2,2
"19821474",8,4,2,2
"19821475",2,4,4,4
"19821476",1,2,3,1
"19821477",1,4,3,1
"19821478",2,4,2,1
"19821479",2,1,2,1
"19821480",2,4,2,4
"19821481",2,4,1,1
"19821482",2,4,2,1
"19821483",2,4,3,1
"19821484",1,3,3,3
"19821485",2,4,3,1
"19821486",2,4,2,1
"19821487",2,4,3,1
"19821488",2,4,1,1
"19821489",1,9,9,9
"19821490",2,4,1,1
"19821491",2,4,3,1
"19821492",2,4,2,1
"19821493",8,2,2,2
"19821494",2,3,2,3
"19821495",2,4,1,1
"19821496",2,4,3,1
"19821497",2,2,3,2
"19821498",2,4,4,1
"19821499",2,4,3,1
"19821500",2,4,1,1
"19821501",2,4,2,1
"19821502",2,4,4,1
"19821503",2,1,2,1
"19821504",2,4,2,1
"19821505",1,4,3,1
"19821506",1,4,4,1
"19822001",8,3,2,3
"19822002",2,4,3,4
"19822003",2,4,2,3
"19822004",2,3,3,4
"19822005",2,1,2,4
"19822006",2,3,2,4
"19822007",2,3,3,2
"19822008",2,4,2,4
"19822009",1,2,4,4
"19822010",1,4,2,3
"19822011",1,4,1,1
"19822012",1,3,3,3
"19822013",2,3,2,3
"19822014",2,2,2,4
"19822015",2,4,1,3
"19822016",1,3,3,3
"19822017",2,3,2,3
"19822018",2,4,2,3
"19822019",2,4,3,3
"19822020",1,3,3,3
"19822021",1,2,3,4
"19822022",2,4,2,2
"19822023",2,3,2,3
"19822024",9,4,4,3
"19822025",2,4,4,4
"19822026",2,4,4,4
"19822027",2,4,2,2
"19822028",1,2,4,3
"19822029",2,4,4,4
"19822030",2,4,1,2
"19822031",1,2,2,2
"19822032",2,4,2,4
"19822033",1,8,2,4
"19822034",2,4,4,3
"19822035",2,4,3,4
"19822036",2,3,4,4
"19822037",8,4,4,4
"19822038",2,4,4,8
"19822039",2,2,2,4
"19822040",2,4,2,3
"19822041",2,4,4,4
"19822042",2,4,2,2
"19822043",2,3,3,4
"19822044",2,3,1,3
"19822045",2,3,2,3
"19822046",2,4,4,4
"19822047",2,1,4,4
"19822048",2,3,2,3
"19822049",2,4,4,4
"19822050",2,1,4,4
"19822051",2,4,3,2
"19822052",1,9,2,4
"19822053",8,4,2,3
"19822054",2,4,4,4
"19822055",8,3,2,4
"19822056",1,4,3,3
"19822057",2,4,4,1
"19822058",2,4,3,4
"19822059",8,2,3,4
"19822060",2,3,3,4
"19822061",1,3,3,4
"19822062",2,3,4,4
"19822063",1,1,4,4
"19822064",2,4,2,3
"19822065",2,4,4,4
"19822066",1,2,2,2
"19822067",2,4,2,1
"19822068",1,3,2,1
"19822069",8,8,8,8
"19822070",1,3,2,3
"19822071",1,4,2,3
"19822072",2,4,4,4
"19822073",1,4,2,2
"19822074",1,4,1,2
"19822075",1,3,3,1
"19822076",1,3,3,4
"19822077",9,4,2,3
"19822078",2,3,4,4
"19822079",2,3,2,3
"19822080",1,2,2,2
"19822081",1,2,3,4
"19822082",1,2,2,3
"19822083",2,3,4,3
"19822084",2,3,3,1
"19822085",1,4,4,3
"19822086",2,3,3,2
"19822087",2,4,3,2
"19822088",2,4,1,1
"19822089",2,3,2,1
"19822090",1,2,4,3
"19822091",2,2,3,3
"19822092",2,4,3,3
"19822093",1,4,3,2
"19822094",2,2,2,3
"19822095",2,3,2,3
"19822096",1,4,2,3
"19822097",1,3,2,3
"19822098",1,3,2,1
"19822099",2,2,3,4
"19822100",1,3,2,3
"19822101",2,3,2,1
"19822102",2,4,2,1
"19822103",2,4,2,1
"19822104",2,4,3,4
"19822105",2,8,3,3
"19822106",8,2,4,4
"19822107",2,4,4,1
"19823001",2,4,3,4
"19823002",2,8,4,4
"19823003",2,3,4,3
"19823004",2,4,2,2
"19823005",2,1,2,1
"19823006",2,4,3,4
"19823007",2,4,4,4
"19823008",2,4,4,4
"19823009",1,2,1,4
"19823010",2,4,4,4
"19823011",2,4,4,3
"19823012",2,4,4,4
"19823013",1,3,4,4
"19823014",2,4,4,4
"19823015",2,3,4,4
"19823016",2,3,3,4
"19823017",2,4,2,3
"19823018",2,4,2,4
"19823019",2,4,4,4
"19823020",2,3,4,3
"19823021",9,4,8,3
"19823022",1,4,4,4
"19823023",1,1,3,4
"19823024",2,3,2,4
"19823025",2,4,4,4
"19823026",2,3,4,3
"19823027",1,4,2,3
"19823028",2,4,4,4
"19823029",2,4,3,4
"19823030",2,3,3,3
"19823031",2,2,2,2
"19823032",2,3,2,3
"19823033",2,3,4,3
"19823034",1,4,1,1
"19823035",8,3,4,3
"19823036",2,3,2,2
"19823037",2,3,4,4
"19823038",2,3,4,3
"19823039",2,3,2,2
"19823040",2,4,4,4
"19823041",2,3,3,4
"19823042",2,3,3,3
"19823043",2,4,2,3
"19823044",2,3,2,3
"19823045",2,2,2,2
"19823046",2,3,3,4
"19823047",2,4,1,3
"19823048",2,2,2,3
"19823049",2,3,2,4
"19823050",1,3,2,4
"19823051",2,4,2,3
"19823052",1,4,2,3
"19823053",2,3,3,3
"19823054",2,4,2,3
"19823055",1,3,2,3
"19823056",2,4,2,3
"19823057",2,4,1,2
"19823058",2,4,1,2
"19823059",2,4,2,3
"19823060",2,4,2,2
"19823061",1,3,3,4
"19823062",2,4,2,3
"19823063",1,4,3,2
"19823064",8,3,4,9
"19823065",1,4,2,4
"19823066",9,9,9,9
"19823067",2,4,2,2
"19823068",8,8,8,8
"19823069",8,8,8,8
"19823070",1,3,2,3
"19823071",2,4,3,4
"19823072",1,4,2,3
"19823073",2,4,3,3
"19823074",2,3,3,4
"19823075",1,4,2,3
"19823076",2,4,2,1
"19823077",2,4,2,2
"19823078",2,2,2,4
"19823079",1,4,2,1
"19823080",2,4,2,1
"19823081",1,4,3,1
"19823082",8,4,3,4
"19823083",1,3,3,2
"19823084",2,4,4,1
"19823085",2,2,3,4
"19823086",2,2,3,4
"19823087",2,2,3,3
"19823088",2,2,3,3
"19823089",1,4,2,3
"19823090",2,4,2,4
"19823091",1,4,2,1
"19823092",2,2,2,4
"19823093",2,4,1,2
"19823094",2,4,3,1
"19823095",2,3,4,4
"19823096",2,4,3,3
"19823097",2,2,2,1
"19823098",2,3,4,3
"19823099",2,4,4,4
"19823100",2,3,2,1
"19823101",2,3,2,1
"19823102",2,4,1,3
"19823103",2,4,3,3
"19823104",1,4,2,3
"19823105",2,4,1,1
"19823106",2,3,2,3
"19823107",2,4,2,3
"19823108",1,4,4,4
"19823109",2,4,3,3
"19823110",2,1,3,4
"19823111",2,3,4,4
"19823112",2,4,2,2
"19823113",2,3,2,3
"19823114",2,4,2,3
"19823115",2,4,2,2
"19823116",2,4,4,4
"19823117",2,4,2,2
"19823118",8,4,3,4
"19823119",1,4,3,4
"19823120",2,3,3,3
"19823121",2,3,3,4
"19823122",2,4,3,3
"19823123",2,3,2,3
"19823124",1,4,3,3
"19823125",1,8,3,4
"19823126",2,4,4,4
"19823127",8,3,3,3
"19823128",2,3,3,3
"19823129",2,8,4,4
"19823130",2,1,2,2
"19823131",2,1,3,4
"19823132",2,4,3,4
"19823133",2,8,4,4
"19823134",2,8,8,8
"19823135",2,8,4,4
"19823136",1,4,2,4
"19823137",2,8,4,4
"19823138",2,8,4,4
"19823139",8,8,8,4
"19823140",2,4,3,1
"19823141",2,4,2,1
"19823142",2,2,1,2
"19823143",2,4,4,4
"19823144",2,2,3,3
"19823145",1,3,3,3
"19823146",2,4,4,3
"19823147",2,3,1,3
"19823148",8,3,2,4
"19823149",2,3,4,2
"19823150",2,8,4,3
"19823151",2,8,8,4
"19823152",2,8,4,4
"19823153",2,8,8,4
"19823154",2,4,4,3
"19823155",8,3,2,3
"19823156",2,1,2,3
"19823157",1,4,2,4
"19823158",8,8,4,4
"19823159",8,4,2,4
"19823160",8,4,2,3
"19823161",1,4,2,4
"19823162",2,2,2,3
"19823163",2,4,2,3
"19823164",8,4,3,4
"19823165",2,4,2,3
"19823166",2,4,3,3
"19823167",1,2,2,4
"19823168",8,2,2,3
"19823169",2,4,3,4
"19823170",2,4,4,4
"19823171",1,2,1,3
"19823172",8,2,2,3
"19823173",1,4,4,3
"19823174",8,4,3,3
"19823175",2,3,3,2
"19823176",1,3,3,1
"19823177",2,3,3,3
"19823178",2,3,2,3
"19823179",2,1,2,3
"19823180",2,4,4,1
"19823181",1,4,1,4
"19823182",1,4,3,3
"19823183",2,4,4,4
"19823184",2,4,2,4
"19823185",2,4,4,4
"19823186",1,3,3,3
"19823187",2,4,3,4
"19823188",2,4,3,2
"19823189",2,4,2,2
"19823190",2,4,1,4
"19823191",2,4,4,4
"19823192",2,4,3,2
"19823193",2,4,4,2
"19823194",2,4,2,1
"19823195",2,4,1,2
"19823196",2,4,1,1
"19823197",2,2,3,3
"19823198",2,2,2,3
"19823199",2,2,2,3
"19823200",2,4,1,2
"19823201",2,4,3,3
"19823202",2,3,4,4
"19823203",1,4,2,2
"19823204",1,3,2,3
"19823205",1,4,3,3
"19823206",2,3,2,3
"19823207",8,8,8,4
"19823208",1,4,3,2
"19823209",1,4,2,2
"19823210",2,4,2,3
"19823211",2,9,9,9
"19823212",2,4,2,3
"19823213",2,4,3,4
"19823214",2,4,2,4
"19823215",1,2,3,4
"19823216",2,4,2,3
"19823217",2,4,3,3
"19823218",2,4,3,2
"19823219",1,4,2,2
"19823220",1,3,2,3
"19823221",1,4,2,2
"19823222",1,4,1,1
"19823223",2,4,2,2
"19823224",2,4,1,4
"19823225",1,4,1,2
"19823226",1,4,3,1
"19823227",2,4,2,3
"19823228",1,2,2,4
"19823229",1,3,2,3
"19823230",2,4,1,4
"19823231",2,1,2,4
"19823232",1,1,4,1
"19823233",1,2,2,3
"19823234",2,4,2,4
"19823235",2,3,4,2
"19823236",1,1,3,4
"19823237",2,3,2,4
"19823238",2,4,3,1
"19823239",2,4,1,1
"19823240",2,4,4,3
"19823241",2,4,2,3
"19823242",1,4,4,2
"19823243",2,4,1,1
"19823244",1,2,1,3
"19823245",2,4,3,2
"19823246",2,2,2,2
"19823247",8,4,3,4
